{
  "tienda": {
    "nombre": "Casual Style",
    "descripcion": "Tu tienda de ropa casual favorita",
    "logo": "/images/logo.svg",
    "colores": {
      "primario": "#87CEEB",
      "secundario": "#F8BBD0", 
      "acento": "#DDA0DD"
    },
    "contacto": {
      "email": "contacto@casualstyle.com",
      "telefono": "+34 900 123 456",
      "direccion": "Calle de la Moda 123, Madrid"
    },
    "redes": {
      "instagram": "@casualstyle",
      "facebook": "CasualStyleOfficial",
      "twitter": "@casualstyle"
    }
  },
  "configuracion": {
    "envioGratis": 50,
    "costoEnvio": 5.99,
    "iva": 21,
    "moneda": "EUR",
    "simboloMoneda": "€",
    "idioma": "es",
    "stockMinimo": 5,
    "productosDestacados": [1, 4, 7, 9],
    "categorias": [
      {
        "id": "hombre",
        "nombre": "Hombre",
        "subcategorias": ["camisetas", "polos", "pantalones", "sudaderas", "shorts", "chaquetas"]
      },
      {
        "id": "mujer", 
        "nombre": "Mujer",
        "subcategorias": ["blusas", "vestidos", "pantalones", "cardigans", "faldas", "tops"]
      },
      {
        "id": "ofertas",
        "nombre": "Ofertas",
        "subcategorias": []
      }
    ],
    "tallas": {
      "hombre": ["S", "M", "L", "XL", "XXL"],
      "mujer": ["XS", "S", "M", "L", "XL"],
      "pantalones": ["24", "26", "28", "30", "32", "34", "36", "38"]
    },
    "metodosPago": [
      {
        "id": "tarjeta",
        "nombre": "Tarjeta de Crédito/Débito",
        "icono": "credit-card",
        "activo": true
      },
      {
        "id": "paypal",
        "nombre": "PayPal",
        "icono": "paypal",
        "activo": true
      },
      {
        "id": "qr",
        "nombre": "Código QR",
        "icono": "qr-code",
        "activo": true
      }
    ]
  }
}
