[
  {
    "id": "PED-001",
    "usuarioId": 1,
    "fecha": "2024-06-01",
    "estado": "entregado",
    "productos": [
      {
        "id": 1,
        "nombre": "Camiseta Básica Hombre",
        "precio": 25.99,
        "cantidad": 2,
        "talla": "M",
        "color": "Blanco"
      },
      {
        "id": 6,
        "nombre": "Blusa Elegante Mujer",
        "precio": 38.99,
        "cantidad": 1,
        "talla": "S",
        "color": "Rosa"
      }
    ],
    "subtotal": 90.97,
    "envio": 5.99,
    "total": 96.96,
    "direccionEnvio": {
      "nombre": "Ana García",
      "calle": "Calle Mayor 123",
      "ciudad": "Madrid",
      "codigoPostal": "28001",
      "pais": "España"
    },
    "metodoPago": "tarjeta",
    "estadosPago": "completado"
  },
  {
    "id": "PED-002", 
    "usuarioId": 2,
    "fecha": "2024-06-03",
    "estado": "en_proceso",
    "productos": [
      {
        "id": 4,
        "nombre": "Hoodie Casual Hombre",
        "precio": 45.99,
        "cantidad": 1,
        "talla": "L",
        "color": "Gris"
      }
    ],
    "subtotal": 45.99,
    "envio": 5.99,
    "total": 51.98,
    "direccionEnvio": {
      "nombre": "Carlos López",
      "calle": "Avenida Libertad 45",
      "ciudad": "Barcelona",
      "codigoPostal": "08001",
      "pais": "España"
    },
    "metodoPago": "paypal",
    "estadosPago": "completado"
  }
]
