[
  {
    "id": 1,
    "nombre": "Camiseta Básica Hombre",
    "descripcion": "Camiseta de algodón 100% suave y cómoda. Perfecta para el uso diario casual.",
    "precio": 25.99,
    "categoria": "hombre",
    "subcategoria": "camisetas",
    "tallas": ["S", "M", "L", "XL", "XXL"],
    "colores": ["Blanco", "Negro", "Azul marino", "Gris"],
    "stock": 45,
    "imagen": "/images/placeholder-camiseta-hombre.svg",
    "imagenes": ["/images/placeholder-camiseta-hombre.svg", "/images/placeholder-camiseta-hombre-2.svg"],
    "enOferta": false,
    "descuento": 0,
    "rating": 4.5,
    "reviews": 128
  },
  {
    "id": 2,
    "nombre": "Polo Casual Hombre",
    "descripcion": "Polo de algodón pique con cuello y mangas clásicas. Ideal para look smart casual.",
    "precio": 32.99,
    "categoria": "hombre",
    "subcategoria": "polos",
    "tallas": ["S", "M", "L", "XL"],
    "colores": ["Azul", "Blanco", "Verde", "Rosa"],
    "stock": 30,
    "imagen": "/images/placeholder-polo-hombre.svg",
    "imagenes": ["/images/placeholder-polo-hombre.svg"],
    "enOferta": true,
    "descuento": 15,
    "rating": 4.3,
    "reviews": 89
  },
  {
    "id": 3,
    "nombre": "Jeans Slim Fit Hombre",
    "descripcion": "Jeans de corte slim fit en denim de alta calidad. Cómodos y versátiles.",
    "precio": 58.99,
    "categoria": "hombre",
    "subcategoria": "pantalones",
    "tallas": ["28", "30", "32", "34", "36", "38"],
    "colores": ["Azul oscuro", "Azul claro", "Negro"],
    "stock": 25,
    "imagen": "/images/placeholder-jeans-hombre.svg",
    "imagenes": ["/images/placeholder-jeans-hombre.svg"],
    "enOferta": false,
    "descuento": 0,
    "rating": 4.7,
    "reviews": 156
  },
  {
    "id": 4,
    "nombre": "Hoodie Casual Hombre",
    "descripcion": "Sudadera con capucha en algodón suave. Perfecta para días frescos.",
    "precio": 45.99,
    "categoria": "hombre",
    "subcategoria": "sudaderas",
    "tallas": ["S", "M", "L", "XL", "XXL"],
    "colores": ["Gris", "Negro", "Azul marino", "Burdeos"],
    "stock": 20,
    "imagen": "/images/placeholder-hoodie-hombre.svg",
    "imagenes": ["/images/placeholder-hoodie-hombre.svg"],
    "enOferta": true,
    "descuento": 20,
    "rating": 4.6,
    "reviews": 203
  },
  {
    "id": 5,
    "nombre": "Shorts Casual Hombre",
    "descripcion": "Shorts cómodos para verano en algodón liviano. Ideales para el tiempo libre.",
    "precio": 28.99,
    "categoria": "hombre",
    "subcategoria": "shorts",
    "tallas": ["S", "M", "L", "XL"],
    "colores": ["Beige", "Azul marino", "Verde oliva", "Gris"],
    "stock": 35,
    "imagen": "/images/placeholder-shorts-hombre.svg",
    "imagenes": ["/images/placeholder-shorts-hombre.svg"],
    "enOferta": false,
    "descuento": 0,
    "rating": 4.2,
    "reviews": 67
  },
  {
    "id": 6,
    "nombre": "Blusa Elegante Mujer",
    "descripcion": "Blusa de gasa con diseño femenino y elegante. Perfecta para ocasiones especiales.",
    "precio": 38.99,
    "categoria": "mujer",
    "subcategoria": "blusas",
    "tallas": ["XS", "S", "M", "L", "XL"],
    "colores": ["Blanco", "Rosa", "Azul cielo", "Negro"],
    "stock": 28,
    "imagen": "/images/placeholder-blusa-mujer.svg",
    "imagenes": ["/images/placeholder-blusa-mujer.svg"],
    "enOferta": false,
    "descuento": 0,
    "rating": 4.8,
    "reviews": 94
  },
  {
    "id": 7,
    "nombre": "Vestido Casual Verano",
    "descripcion": "Vestido liviano con estampado floral. Ideal para días soleados y salidas casuales.",
    "precio": 52.99,
    "categoria": "mujer",
    "subcategoria": "vestidos",
    "tallas": ["XS", "S", "M", "L", "XL"],
    "colores": ["Floral azul", "Floral rosa", "Liso blanco", "Liso negro"],
    "stock": 22,
    "imagen": "/images/placeholder-vestido-mujer.svg",
    "imagenes": ["/images/placeholder-vestido-mujer.svg"],
    "enOferta": true,
    "descuento": 25,
    "rating": 4.9,
    "reviews": 178
  },
  {
    "id": 8,
    "nombre": "Jeans Skinny Mujer",
    "descripcion": "Jeans de corte skinny que estiliza la figura. Denim elástico para mayor comodidad.",
    "precio": 48.99,
    "categoria": "mujer",
    "subcategoria": "pantalones",
    "tallas": ["24", "26", "28", "30", "32", "34"],
    "colores": ["Azul oscuro", "Azul claro", "Negro", "Blanco"],
    "stock": 33,
    "imagen": "/images/placeholder-jeans-mujer.svg",
    "imagenes": ["/images/placeholder-jeans-mujer.svg"],
    "enOferta": false,
    "descuento": 0,
    "rating": 4.4,
    "reviews": 142
  },
  {
    "id": 9,
    "nombre": "Cardigan Suave Mujer",
    "descripcion": "Cardigan en lana suave con botones. Perfecto para crear capas elegantes.",
    "precio": 64.99,
    "categoria": "mujer",
    "subcategoria": "cardigans",
    "tallas": ["XS", "S", "M", "L", "XL"],
    "colores": ["Rosa pastel", "Beige", "Gris perla", "Azul cielo"],
    "stock": 18,
    "imagen": "/images/placeholder-cardigan-mujer.svg",
    "imagenes": ["/images/placeholder-cardigan-mujer.svg"],
    "enOferta": true,
    "descuento": 30,
    "rating": 4.7,
    "reviews": 85
  },
  {
    "id": 10,
    "nombre": "Falda Midi Casual",
    "descripcion": "Falda midi en tela fluida con cintura elástica. Cómoda y versátil.",
    "precio": 34.99,
    "categoria": "mujer",
    "subcategoria": "faldas",
    "tallas": ["XS", "S", "M", "L", "XL"],
    "colores": ["Negro", "Azul marino", "Burgundy", "Camel"],
    "stock": 26,
    "imagen": "/images/placeholder-falda-mujer.svg",
    "imagenes": ["/images/placeholder-falda-mujer.svg"],
    "enOferta": false,
    "descuento": 0,
    "rating": 4.3,
    "reviews": 71
  },
  {
    "id": 11,
    "nombre": "Top Crop Mujer",
    "descripcion": "Top corto de algodón suave, perfecto para combinar con jeans o faldas altas.",
    "precio": 22.99,
    "categoria": "mujer",
    "subcategoria": "tops",
    "tallas": ["XS", "S", "M", "L"],
    "colores": ["Blanco", "Rosa", "Negro", "Amarillo pastel"],
    "stock": 40,
    "imagen": "/images/placeholder-top-mujer.svg",
    "imagenes": ["/images/placeholder-top-mujer.svg"],
    "enOferta": true,
    "descuento": 10,
    "rating": 4.1,
    "reviews": 103
  },
  {
    "id": 12,
    "nombre": "Chaqueta Denim Hombre",
    "descripcion": "Chaqueta de mezclilla clásica. Un básico atemporal para cualquier guardarropa.",
    "precio": 68.99,
    "categoria": "hombre",
    "subcategoria": "chaquetas",
    "tallas": ["S", "M", "L", "XL", "XXL"],
    "colores": ["Azul clásico", "Negro", "Azul oscuro"],
    "stock": 15,
    "imagen": "/images/placeholder-chaqueta-hombre.svg",
    "imagenes": ["/images/placeholder-chaqueta-hombre.svg"],
    "enOferta": false,
    "descuento": 0,
    "rating": 4.6,
    "reviews": 89
  }
]
