[
  {
    "id": 1,
    "nombre": "Ana García",
    "email": "ana.garcia@email.com",
    "telefono": "+34 666 123 456",
    "direccion": {
      "calle": "Calle Mayor 123",
      "ciudad": "Madrid",
      "codigoPostal": "28001",
      "pais": "España"
    },
    "fechaRegistro": "2024-01-15",
    "esAdmin": false
  },
  {
    "id": 2,
    "nombre": "Carlos López",
    "email": "carlos.lopez@email.com",
    "telefono": "+34 677 987 654",
    "direccion": {
      "calle": "Avenida Libertad 45",
      "ciudad": "Barcelona",
      "codigoPostal": "08001",
      "pais": "España"
    },
    "fechaRegistro": "2024-02-20",
    "esAdmin": false
  },
  {
    "id": 999,
    "nombre": "Administrador",
    "email": "admin@tienda.com",
    "telefono": "+34 600 000 000",
    "direccion": {
      "calle": "Oficina Central",
      "ciudad": "Madrid",
      "codigoPostal": "28000",
      "pais": "España"
    },
    "fechaRegistro": "2024-01-01",
    "esAdmin": true
  }
]
